{"cameraMode":{"drawMode":0,"name":"Shaded","section":"Shading Mode"},"sceneLighting":true,"audioPlay":false,"sceneViewState":{"m_AlwaysRefresh":false,"showFog":true,"showSkybox":true,"showFlares":true,"showImageEffects":true,"showParticleSystems":true,"showVisualEffectGraphs":true,"m_FxEnabled":true},"in2DMode":false,"pivot":{"x":6.737480163574219,"y":100.66180419921875,"z":-18.662208557128908},"rotation":{"x":-0.31155985593795779,"y":0.5472277402877808,"z":0.22976234555244447,"w":0.7420889735221863},"size":61.42845916748047,"orthographic":false}