{"cameraMode":{"drawMode":0,"name":"Shaded","section":"Shading Mode"},"sceneLighting":true,"audioPlay":false,"sceneViewState":{"m_AlwaysRefresh":false,"showFog":true,"showSkybox":true,"showFlares":true,"showImageEffects":true,"showParticleSystems":true,"showVisualEffectGraphs":true,"m_FxEnabled":true},"in2DMode":false,"pivot":{"x":-0.07885408401489258,"y":5.960464477539063e-8,"z":31.563613891601564},"rotation":{"x":0.20378565788269044,"y":0.674325168132782,"z":-0.20196403563022614,"w":0.6804229617118836},"size":3.1179022789001467,"orthographic":false}