{"cameraMode":{"drawMode":0,"name":"Shaded","section":"Shading Mode"},"sceneLighting":true,"audioPlay":false,"sceneViewState":{"m_AlwaysRefresh":false,"showFog":true,"showSkybox":true,"showFlares":true,"showImageEffects":true,"showParticleSystems":true,"showVisualEffectGraphs":true,"m_FxEnabled":true},"in2DMode":false,"pivot":{"x":0.20543470978736878,"y":1.0220376253128052,"z":0.4385130703449249},"rotation":{"x":-0.005436766427010298,"y":0.29551103711128237,"z":0.0016799409640952945,"w":0.9553243517875671},"size":0.8660253882408142,"orthographic":false}