{"cameraMode":{"drawMode":0,"name":"Shaded","section":"Shading Mode"},"sceneLighting":false,"audioPlay":false,"sceneViewState":{"m_AlwaysRefresh":false,"showFog":true,"showSkybox":false,"showFlares":true,"showImageEffects":true,"showParticleSystems":true,"showVisualEffectGraphs":true,"m_FxEnabled":true},"in2DMode":false,"pivot":{"x":-1.3786299228668213,"y":-2.8563954830169679,"z":36.06249237060547},"rotation":{"x":-0.24670909345149995,"y":-0.013957034796476365,"z":0.003553492482751608,"w":-0.9689822196960449},"size":9.479972839355469,"orthographic":false}