{"cameraMode":{"drawMode":0,"name":"Shaded","section":"Shading Mode"},"sceneLighting":false,"audioPlay":false,"sceneViewState":{"m_AlwaysRefresh":false,"showFog":true,"showSkybox":false,"showFlares":true,"showImageEffects":true,"showParticleSystems":true,"showVisualEffectGraphs":true,"m_FxEnabled":true},"in2DMode":false,"pivot":{"x":0.9286327362060547,"y":29.99102020263672,"z":-13.482809066772461},"rotation":{"x":-0.4216717779636383,"y":0.008702151477336884,"z":-0.004046887159347534,"w":-0.9066970944404602},"size":11.863810539245606,"orthographic":false}