{"cameraMode":{"drawMode":0,"name":"Shaded","section":"Shading Mode"},"sceneLighting":false,"audioPlay":false,"sceneViewState":{"m_AlwaysRefresh":false,"showFog":true,"showSkybox":false,"showFlares":true,"showImageEffects":true,"showParticleSystems":true,"showVisualEffectGraphs":true,"m_FxEnabled":true},"in2DMode":false,"pivot":{"x":0.1664276123046875,"y":0.00010204315185546875,"z":45.25604248046875},"rotation":{"x":-0.13593077659606934,"y":-0.8206390738487244,"z":0.2186596840620041,"w":-0.510169506072998},"size":50.828304290771487,"orthographic":false}