{"cameraMode":{"drawMode":0,"name":"Shaded","section":"Shading Mode"},"sceneLighting":false,"audioPlay":false,"sceneViewState":{"m_AlwaysRefresh":false,"showFog":true,"showSkybox":false,"showFlares":true,"showImageEffects":true,"showParticleSystems":true,"showVisualEffectGraphs":true,"m_FxEnabled":true},"in2DMode":false,"pivot":{"x":-14.579266548156739,"y":-8.452820777893067,"z":2.716184616088867},"rotation":{"x":0.4602695405483246,"y":0.024760980159044267,"z":-0.01284455694258213,"w":0.8873429894447327},"size":29.899667739868165,"orthographic":false}