{"cameraMode":{"drawMode":0,"name":"Shaded","section":"Shading Mode"},"sceneLighting":false,"audioPlay":false,"sceneViewState":{"m_AlwaysRefresh":false,"showFog":true,"showSkybox":false,"showFlares":true,"showImageEffects":true,"showParticleSystems":true,"showVisualEffectGraphs":true,"m_FxEnabled":true},"in2DMode":false,"pivot":{"x":-0.048922792077064517,"y":-1.254408359527588,"z":25.322914123535158},"rotation":{"x":-0.0016040278133004904,"y":0.9595598578453064,"z":-0.2814497649669647,"w":-0.00546848913654685},"size":8.974821090698243,"orthographic":false}