{"cameraMode":{"drawMode":0,"name":"Shaded","section":"Shading Mode"},"sceneLighting":false,"audioPlay":false,"sceneViewState":{"m_AlwaysRefresh":false,"showFog":true,"showSkybox":false,"showFlares":true,"showImageEffects":true,"showParticleSystems":true,"showVisualEffectGraphs":true,"m_FxEnabled":true},"in2DMode":false,"pivot":{"x":-1.3638890981674195,"y":-52.600467681884769,"z":30.231101989746095},"rotation":{"x":-0.6925758719444275,"y":0.016655484214425088,"z":-0.01599915511906147,"w":-0.7209762334823608},"size":35.12617492675781,"orthographic":false}